﻿{
  "spider": "./jar/nanfeng.jar;md5;28A7B24F340910BB52DBE760B0445629",
  "wallpaper": "https://tuapi.eees.cc/api.php?category=meinv&type=302",
  "lives": [
    {
      "name": "live",
      "url": "./zb/zb.txt",
      "type": 0,
      "playerType": 1,
      "ua": "okhttp/3.12.13",
      "epg": "http://epg.112114.xyz/?ch={name}&date={date}",
      "logo": "https://epg.112114.xyz/logo/{name}.png"
    }
  ],
  "sites": [
        {
      "key": "搜索┃豆瓣js",
      "name": "📛逍遥影视【2024-06-18更新接口，长按主页刷新】",
     "type": 3,
      "api": "csp_DouDou",
      "searchable": 0,
      "quickSearch": 0,
      "filterable": 0,
      "jar": "./jar/fan.txt"
    },
    {
            "key": "无忧短剧",
            "name": "无忧短剧",
            "type": 3,
            "api": "csp_Duanj",
            "searchable": 1,
            "changeable": 0,
            "jar": "./danju.jar;md5;765dcc77b86562dfc48ede664417ac60"
        },
      {
      "key": "胖虎影视",
      "name": "🐯胖虎影视",
      "type": 3,
      "api": "csp_XBPQ",
        "searchable": 1,
      "quickSearch": 1,
      "filterable": 1,
      "ext": "./panghu.json",
     "jar": "./jar/panghu.jar"
    },
      {
      "key": "Auete",
      "name": "🏝奥特┃无广",
      "type": 3,
      "api": "csp_Auete",
      "timeout": 15,
      "searchable": 1,
      "quickSearch": 1,
      "changeable": 1,
      "ext": "https://auete.pro/",
     "jar": "./jar/fan.txt"
    },
     {
      "key": "新视觉",
      "name": "🍑新视觉",
      "type": 3,
      "api": "csp_Xinsj",
        "searchable": 1,
      "quickSearch": 1,
      "filterable": 1,
      "ext":"https://www.80yy3.com/"
    },
     {
      "key":"星芽短剧",
      "name":"🐞星芽┃短剧",
      "type":3,
      "api":"csp_AppXY",
      "searchable":1,
      "quickSearch":0,
      "filterable":0,
    "jar": "./jar/ou.jar"
    },
    {
       "key":"直播转点播",
       "name":"📛逍遥┃福利点播",
       "type": 3,
       "api":"./js/zbzdb.js",
       "ext":"./FLZB.txt"
       },
     {
       "key":"csp_WoGG",
       "name":"👽玩偶哥哥",
       "type":3,
       "api":"csp_WoGG",
       "searchable":1,
       "quickSearch":1,
       "changeable":0,
       "ext":{"aliToken":"http://127.0.0.1:9978/file/TVBox/token.txt",
      "quarkCookie":"http://127.0.0.1:9978/file/TVBox/cookie.txt",
      "from":"4k|auto|fhd",
      "siteUrl":"https://www.wogg.link/","danMu":"弹"}
     },
    {
      "key": "短剧",
      "name": "🌈上头┃短剧",
      "type": 3,
      "api": "csp_Djuu",
      "searchable": 1,
      "quickSearch": 1,
      "changeable": 1
    },
{
  "key":"csp_XBPQ_胖嘟嘟",
  "name":"🐞嘟嘟┃短剧",
  "type":3,
  "api":"csp_XBPQ",
  "searchable":1,
  "quickSearch":1,
  "filterable":1,
  "ext":{"分类":"全部$qb#言情$yq#古代$dg#都市$ds","分类url":"https://m.pangdo.com/{cateId}/list_{catePg}.html"},
 "jar": "./jar/ou.jar"
},
{
  "key":"河马短剧",
  "name":"🐞河马┃短剧",
  "type":3,
  "api":"csp_Wexduanjuhema",
  "searchable":1,
  "changeable":1,
 "jar": "./jar/ou.jar"
},
 {
      "key": "兄弟",
      "name": "👯┃兄弟┃影视",
      "type": 3,
      "api": "csp_Xdys",
      "searchable": 1,
      "quickSearch": 1,
      "filterable": 1  
    },
     {
      "key": "csp_Juqq",
      "name": "⭕┃剧圈┃影视",
      "type": 3,
      "playerType": "2",
      "api": "csp_Juqq",
     "jar": "./jar/feimao.jar"
    },
        {
      "key": "南瓜",
      "name": "🎃南瓜┃多线",
      "type": 3,
      "api": "csp_NanGua",
      "timeout": 15,
      "playerType": 2,
      "searchable": 1,
      "quickSearch": 1,
      "changeable": 1
    },
   {
      "key": "厂长",
      "name": "📔厂长┃不卡",
      "type": 3,
      "api": "csp_NewCz",
      "timeout": 15,
      "playerType": 2,
      "searchable": 1,
      "quickSearch": 1,
      "changeable": 1,
      "ext": "https://www.czzy.top/"
    }, 
    {
      "key": "比特",
      "name": "🍄比特┃秒播",
      "type": 3,
      "api": "csp_Bttwoo",
      "searchable": 1,
      "quickSearch": 1,
      "changeable": 1
    },
    {
      "key": "sesehuzy.com",
      "name": "撸铁🍅色虎",
      "type": 1,
      "api": "https://sesehuzy3.com/api.php/providedao/vod/",
      "playerType": 1,
      "searchable": 1,
      "quickSearch": 1,
      "filterable": 1
    }, 
     {
      "key": "didizy.com",
      "name": "撸铁🍅滴滴资源",
      "type": 0,
      "api": "https://api.ddapi.cc/api.php/provide/vod/at/xml",
     "playerType": 1,
      "searchable": 1,
      "quickSearch": 1,
      "filterable": 1
    }, 
      {
      "key": "haosezyw.com",
      "name": "撸铁🍅好色资源",
      "type": 1,
      "api": "https://haosezyw6.com/api.php/provide/vod/",
      "playerType":  1,
      "searchable": 1,
      "quickSearch": 1,
      "filterable": 1
    }, 
   {
      "key": "aosikazy4.com",
      "name": "撸铁🍅奥斯卡",
      "type": 1,
      "api": "https://aosikazy5.com/api.php/provide/vod/",
      "playerType": 1,
      "searchable": 1,
      "quickSearch": 1,
      "filterable": 1
    },
    {
      "key": "采集F(老鸭)",
      "name": "撸铁🍍菠萝",
      "type": 1,
      "api": "https://api.apilyzy.com/api.php/provide/vod/",
      "playerType": 1,
      "searchable": 1,
      "quickSearch": 1,
      "filterable": 1
    },
        
    {
      "key": "鸡坤资源",
      "name": "撸铁🥜花生",
      "type": 1,
      "api": "https://jkunzyapi.com/api.php/provide/vod/",
      "searchable": 1,
      "quickSearch": 1,
      "filterable": 0
    },
    
    {
      "key": "采集G(香奶儿)",
      "name": "撸铁🍒樱桃",
      "type": 0,
      "api": "https://www.gdlsp.com/api/xml.php ",
      "searchable": 1,
      "changeable": 1
    },      
    {
      "key": "采集G(美少女)",
      "name": "撸铁🍆茄子",
      "type": 0,
      "api": "https://www.msnii.com/api/xml.php ",
      "searchable": 1,
      "changeable": 1
    },
    
    {
      "key": "pgxdy.com",
      "name": "撸铁🍇葡萄",
      "type": 0,"style":{ "type":"rect", "ratio":1.485 },
      "api": "https://www.pgxdy.com/api/xml.php",
      "searchable": 1
    },
    
    {
      "key": "采集G(开心果)",
      "name": "撸铁🍉西瓜",
      "type": 0,
      "api": "https://www.kxgav.com/api/xml.php ",
      "searchable": 1,
      "changeable": 1
    }, 
    {
      "key": "采集H(饮水机)",
      "name": "撸铁🍑桃子",
      "type": 0,
      "api": "https://www.xrbsp.com/api/xml.php ",
      "searchable": 1,
      "changeable": 1
    },
    {
      "key": "bttcj.com",
      "name": "撸铁🥔土豆",
      "type": 0,"style":{ "type":"rect", "ratio":1.485 },
      "api": "http://bttcj.com/inc/sapi.php",
      "searchable": 1
    },
    
    {
      "key": "dadiapi.com",
      "name": "撸铁🍐雪梨",
      "type": 0,"style":{ "type":"rect", "ratio":1.485 },
      "api": "http://dadiapi.com/api.php",
      "searchable": 1
    },
    
    {
      "key": "lbapiby.com",
      "name": "撸铁🍄蘑菇",
      "type": 0,"style":{ "type":"rect", "ratio":1.485 },
      "api": "http://lbapiby.com/api.php/provide/vod/at/xml",
      "searchable": 1
    },
    
    {
      "key": "api.maozyapi.com",
      "name": "撸铁🍊蜜橘",
      "type": 1,"style":{ "type":"rect", "ratio":1.485 },
      "api": "https://api.maozyapi.com/inc/apijson_vod.php",
      "searchable": 1
    },
    
    {
      "key":"*环亚资源",
      "name":"撸铁🌶️辣椒",
      "type": 0,
      "style":{ "type":"rect", "ratio":1.485 },
      "style":{ "type":"rect", "ratio":1.485 },
      "api":"http://wmcj8.com/inc/sapi.php","searchable":0,"quickSearch":0
    },
    
    {
      "key": "采集G(jkun)",
      "name": "撸铁🍈甜瓜",
      "type": 1,
      "api": "https://www.jkunzyapi.com/api.php/provide/vod/",
      "playerType": 1,
      "searchable": 1,
      "quickSearch": 1,
      "filterable": 1
    },
        
    {
      "key": "采集C(黄瓜)",
      "name": "撸铁🥒黄瓜 ",
      "type": 1,
      "api": "https://www.avre06.com/api.php/Prodao/vod/",
      "playerType": 1,
      "searchable": 1,
      "quickSearch": 1,
      "filterable": 1
    },
        
    {
      "key": "采集A（精品）",
      "name": "撸铁🥥椰子",
      "type": 1,
      "api": "http://www.jingpinx.com/api.php/provide/vod/",
      "playerType": 1,
      "searchable": 1,
      "quickSearch": 1,
      "filterable": 1
    },
        
    {
      "key": "采集D(爱爱仓库)",
      "name": "撸铁🧅洋葱",
      "type": 1,
      "api": "http://app.aays.site/api.php/provide/vod/",
      "playerType": 1,
      "searchable": 1,
      "quickSearch": 1,
      "filterable": 1
    },
        
    {
      "key": "采集E(草榴)",
      "name": "撸铁🥑鳄梨",
      "type": 1,
      "api": "https://www.caoliuzyw.com/api.php/provide/vod/",
      "playerType": 1,
      "searchable": 1,
      "quickSearch": 1,
      "filterable": 1
    },
    {
      "key": "chengren",
      "name": "🈵成人影视1",
      "type": 1,
      "api": "https://www.partnersky-horoskop.com/api.php/provide/vod/",
      "searchable": 1,
      "quickSearch": 1
    },
    {
      "key": "老鸭",
      "name": "🈵成人影视2",
      "type": 1,
      "api": "https://api.apilyzy.com/api.php/provide/vod/",
      "searchable": 1,
      "quickSearch": 1,
      "filterable": 0
    },
    {
      "key": "博天堂",
      "name": "🈵成人影视3",
      "type": 0,
      "api": "http://bttcj.com/inc/sapi.php",
      "searchable": 0,
      "quickSearch": 0
    },
    {
      "key": "*大地资源",
      "name": "🏆大地资源",
      "type": 0,
      "api": "https://dadiapi.com/api.php",
      "searchable": 0,
      "quickSearch": 0
    },
    {
      "key": "美少女",
      "name": "🈴美少女",
      "type": 0,
      "api": "https://www.msnii.com/api/xml.php",
      "searchable": 1,
      "quickSearch": 1,
      "filterable": 1
    },
    {
      "key": "*CK资源",
      "name": "🈴CK资源",
      "type": 1,
      "api": "http://www.feifei67.com/api.php/provide/vod/",
      "searchable": 1,
      "quickSearch": 1,
      "filterable": 0
    },
    {
      "key": "*博天堂",
      "name": "🈴博天堂",
      "type": 0,
      "api": "http://bttcj.com/inc/sapi.php",
      "searchable": 1,
      "quickSearch": 1,
      "filterable": 0
    },
    {
      "key": "*白嫖资源",
      "name": "🈴白嫖资源",
      "type": 0,
      "api": "https://www.kxgav.com/api/xml.php",
      "searchable": 1,
      "quickSearch": 1,
      "filterable": 0
    },
    {
      "key": "*点点娱乐",
      "name": "🈴点点娱乐",
      "type": 0,
      "api": "https://xx55zyapi.com/home/cjapi/ascf/mc10/vod/xml",
      "searchable": 1,
      "quickSearch": 1,
      "filterable": 0
    },
    {
      "key": "*淫水机资源",
      "name": "🈴淫水机",
      "type": 0,
      "api": "https://www.xrbsp.com/api/xml.php",
      "searchable": 1,
      "quickSearch": 1,
      "filterable": 0
    },
    {
      "key": "*小湿妹资源",
      "name": "🈴小湿妹",
      "type": 0,
      "api": "https://www.afasu.com/api/xml.php",
      "searchable": 1,
      "quickSearch": 1,
      "filterable": 0
    },
    {
      "key": "*香奶儿资源",
      "name": "🈴香奶儿",
      "type": 0,
      "api": "https://www.gdlsp.com/api/xml.php",
      "searchable": 1,
      "quickSearch": 1,
      "filterable": 0
    },
    {
      "key": "*色猫资源",
      "name": "🈴色猫资源",
      "type": 1,
      "api": "https://api.maozyapi.com/inc/apijson_vod.php",
      "searchable": 1,
      "quickSearch": 1
    },
    {
      "key": "鸡坤资源",
      "name": "🔞鸡坤资源",
      "type": 1,
      "api": "https://jkunzyapi.com/api.php/provide/vod/",
      "searchable": 1,
      "quickSearch": 1,
      "filterable": 0
    },
    {
      "key": "*鲨鱼资源",
      "name": "🔞鲨鱼资源",
      "type": 1,
      "api": "https://shayuapi.com/api.php/provide/vod/",
      "searchable": 0,
      "quickSearch": 0
    },
    {
      "key": "dadiapi.com",
      "name": "🚸成人one",
      "type": 0,
      "api": "http://dadiapi.com/api.php",
      "searchable": 1,
      "recordable": 0,
      "style": {
        "type": "rect",
        "ratio": 1.33
      }
    },
    {
      "key": "玉兔专场",
      "name": "🚸玉兔采集",
      "type": 1,
      "api": "https://apiyutu.com/api.php/provide/vod/",
      "playUrl": "",
      "searchable": 1,
      "quickSearch": 1,
      "filterable": 1,
      "categories": [
        "精品推荐",
        "国产精品",
        "主播秀色",
        "日本有码",
        "日本无码",
        "中文字幕",
        "童颜巨乳",
        "性感人妻",
        "强奸乱伦",
        "欧美情色",
        "童真萝莉",
        "三级伦理",
        "卡通动漫",
        "丝袜OL",
        "口爆颜射",
        "自拍偷拍",
        "日本片商",
        "Cosplay",
        "素人自拍",
        "台湾色情",
        "韩国自拍",
        "性感港姐",
        "东南亚情色",
        "凌辱束缚",
        "剧情介绍",
        "多P 3P",
        "91系列",
        "网红系列",
        "野外系列",
        "女仆系列",
        "学生中出",
        "性感旗袍",
        "兽耳作品",
        "瑜伽裤",
        "骚货护士",
        "及膝袜",
        "网曝系列",
        "麻豆传媒",
        "女同人妖",
        "恋腿癖"
      ]
    },
    {
      "key": "大地专场",
      "name": "🚸大地采集",
      "type": 0,
      "api": "https://dadiapi.com/api.php",
      "playUrl": "",
      "searchable": 1,
      "quickSearch": 1,
      "filterable": 1,
      "categories": [
        "日韩无码",
        "强奸乱伦",
        "欧美精品",
        "国产精品",
        "人妻系列",
        "中文字幕",
        "动漫精品",
        "伦理影片",
        "日韩精品",
        "制服诱惑",
        "自拍偷拍",
        "AV明星",
        "3P合辑",
        "巨乳系列",
        "颜射系列",
        "口交视频",
        "自慰系列",
        "SM重味",
        "教师学生",
        "大秀视频",
        "AV明星1"
      ]
    },
    {
      "key": "色猫",
      "name": "🚸色猫采集",
      "type": 1,
      "api": "https://caiji.semaozy.net/inc/apijson_vod.php/",
      "playUrl": "",
      "searchable": 1,
      "quickSearch": 1,
      "filterable": 1,
      "categories": [
        "国产自拍",
        "日本无码",
        "日本有码",
        "中文字幕",
        "欧美精品",
        "成人动漫",
        "日本素人",
        "高清名优",
        "三级伦理",
        "网红主播",
        "映画传媒",
        "人妻熟女",
        "口爆颜射",
        "萝莉少女",
        "SM调教",
        "美乳巨乳",
        "短视频",
        "制服诱惑",
        "女同性爱",
        "AI换脸",
        "多人群交",
        "翹臀美尻",
        "丝袜美腿",
        "精选独家",
        "貧乳小奶",
        "探花系列"
      ]
    },
    {
      "key": "量子",
      "name": "🈶量子伦理",
      "type": 0,
      "api": "https://cj.lziapi.com/api.php/provide/vod/at/xml/",
      "searchable": 1,
      "changeable": 1,
      "categories": [
        "伦理片"
      ]
    },
    {
      "key": "dadiapi1.com",
      "name": "🈶成人01",
      "type": 0,
      "api": "http://dadiapi.com/api.php",
      "searchable": 1,
      "recordable": 0,
      "style": {
        "type": "rect",
        "ratio": 1.33
      }
    },
    {
      "key": "91md.me",
      "name": "🈶成人05",
      "type": 1,
      "api": "http://91md.me/api.php/provide/vod/",
      "searchable": 1,
      "recordable": 0,
      "style": {
        "type": "rect",
        "ratio": 1.33
      }
    },
    {
      "key": "cjmygzy.com",
      "name": "🈶成人06",
      "type": 0,
      "api": "http://cjmygzy.com/inc/sapi.php?ac=videolist",
      "searchable": 1,
      "recordable": 0,
      "style": {
        "type": "rect",
        "ratio": 1.33
      }
    },
    {
      "key": "bttcj.com",
      "name": "🈶成人07",
      "type": 0,
      "api": "http://bttcj.com/inc/sapi.php",
      "searchable": 1,
      "recordable": 0,
      "style": {
        "type": "rect",
        "ratio": 1.33
      }
    },
    {
      "key": "api.sexnguon.com",
      "name": "🈶成人08",
      "type": 1,
      "api": "http://api.sexnguon.com/api.php/provide/vod/",
      "searchable": 1,
      "recordable": 0,
      "style": {
        "type": "rect",
        "ratio": 1.33
      }
    },
    {
      "key": "feifei67.com",
      "name": "🈶成人09",
      "type": 1,
      "api": "http://www.feifei67.com/api.php/provide/vod/",
      "searchable": 1,
      "recordable": 0,
      "style": {
        "type": "rect",
        "ratio": 1.33
      }
    },
    {
      "key": "api.maozyapi.com",
      "name": "🈶成人33",
      "type": 1,
      "api": "https://api.maozyapi.com/inc/apijson_vod.php",
      "searchable": 1,
      "recordable": 0,
      "style": {
        "type": "rect",
        "ratio": 1.33
      }
    },
    {
      "key": "pgxdy.com",
      "name": "🈶成人39",
      "type": 0,
      "api": "https://www.pgxdy.com/api/xml.php",
      "searchable": 1,
      "recordable": 0,
      "style": {
        "type": "rect",
        "ratio": 1.33
      }
    },
    {
      "key": "msnii.com",
      "name": "🈶成人40",
      "type": 0,
      "api": "https://www.msnii.com/api/xml.php",
      "searchable": 1,
      "recordable": 0,
      "style": {
        "type": "rect",
        "ratio": 1.33
      }
    },
    {
      "key": "kkzy.me",
      "name": "🈶成人45",
      "type": 1,
      "api": "https://kkzy.me/api.php/provide/vod/",
      "searchable": 1,
      "recordable": 0,
      "style": {
        "type": "rect",
        "ratio": 1.33
      }
    },
    {
      "key": "xrbsp.com",
      "name": "🈶成人46",
      "type": 0,
      "api": "https://www.xrbsp.com/api/xml.php",
      "searchable": 1,
      "recordable": 0,
      "style": {
        "type": "rect",
        "ratio": 1.33
      }
    },
    {
      "key": "kxgav.com",
      "name": "🈶成人48",
      "type": 0,
      "api": "https://www.kxgav.com/api/xml.php",
      "searchable": 1,
      "recordable": 0,
      "style": {
        "type": "rect",
        "ratio": 1.33
      }
    },
    {
      "key": "gdlsp.com",
      "name": "🈶成人49",
      "type": 0,
      "api": "https://www.gdlsp.com/api/xml.php",
      "searchable": 1,
      "recordable": 0,
      "style": {
        "type": "rect",
        "ratio": 1.33
      }
    },
    {
      "key": "10",
      "name": "📛精选自用且免费📛",
      "api": "1",
      "type": 3,
      "filterable": 0,
      "quickSearch": 0,
      "searchable": 0
    },
    {
      "key": "11",
      "name": "📛请勿付费使用📛",
      "api": "1",
      "type": 3,
      "filterable": 0,
      "quickSearch": 0,
      "searchable": 0
    }
  ],
  "parses": [
    {
      "name": "聚合",
      "type": 3,
      "url": "Demo"
    },
    {
      "name": "并发",
      "type": 2,
      "url": "Parallel"
    },
    {
      "name": "轮询",
      "type": 2,
      "url": "Sequence"
    },
    {
      "name": "解析1",
      "type": 1,
      "url": "http://jx.fuqizhishi.com:63/接口地址www.肥猫.love/肥猫专用.php?url="
    },
    {
      "name": "解析2",
      "type": 1,
      "url": "https://www.m3u8.tv.cache.janan.net:4433/json2020.php?uid=M3U8.TV&token=88888888&url="
    },
    {
      "name": "嗅探0",
      "type": 0,
      "url": "https://vip.fkpzw.com/player/?url="
    },
    {
      "name": "嗅探00",
      "type": 0,
      "url": "https://vip.fkpzw.com/player/analysis.php?v="
    },
    {
      "name": "嗅探1",
      "type": 0,
      "url": "https://jx.jsonplayer.com/player/?url="
    },
    {
      "name": "嗅探2",
      "type": 0,
      "url": "https://jx.zhanlangbu.com/?url="
    },
    {
      "name": "嗅探3",
      "type": 0,
      "url": "https://vip.hfyj.ml/player/?url="
    },
    {
      "name": "嗅探4",
      "type": 0,
      "url": "https://jx.bozrc.com:4433/player/?url="
    },
    {
      "name": "嗅探5",
      "type": 0,
      "url": "https://jx.777jiexi.com/player/?url="
    },
    {
      "name": "嗅探6",
      "type": 0,
      "url": "https://jx.xmflv.com/?url="
    },
    {
      "name": "嗅探7",
      "type": 0,
      "url": "https://43.240.74.102:4433/?url="
    },
    {
      "name": "嗅探8",
      "type": 0,
      "url": "https://jx.m3u8.tv/jiexi/?url="
    },
    {
      "name": "嗅探9",
      "type": 0,
      "url": "https://jx.xyflv.com/?url="
    },
    {
      "name": "嗅探10",
      "type": 0,
      "url": "https://bfq.ygpvp.com/ygbfq1/?url="
    },
       {
      "name": "嗅探11",
      "type": 0,
      "url": "https://www.jkunjx.com/?url="
    }
  ],
  "flags": [
    "youku",
    "优酷",
    "优 酷",
    "优酷视频",
    "qq",
    "腾讯",
    "腾 讯",
    "腾讯视频",
    "iqiyi",
    "qiyi",
    "奇艺",
    "爱奇艺",
    "爱 奇 艺",
    "m1905",
    "xigua",
    "letv",
    "leshi",
    "乐视",
    "乐 视",
    "sohu",
    "搜狐",
    "搜 狐",
    "搜狐视频",
    "tudou",
    "pptv",
    "mgtv",
    "芒果",
    "imgo",
    "芒果TV",
    "芒 果 T V",
    "bilibili",
    "哔 哩",
    "哔 哩 哔 哩"
  ],
  "rules": [
    {
      "name": "量子",
      "hosts": [
        "vip.lz",
        "hd.lz"
      ],
      "regex": [
        "#EXT-X-DISCONTINUITY\\r*\\n*#EXTINF:6.433333,[\\s\\S]*?#EXT-X-DISCONTINUITY"
      ]
    },
    {
      "name": "非凡",
      "hosts": [
        "vip.ffzy",
        "hd.ffzy"
      ],
      "regex": [
        "#EXT-X-DISCONTINUITY\\r*\\n*#EXTINF:6.666667,[\\s\\S]*?#EXT-X-DISCONTINUITY"
      ]
    },
    {
      "host": "piaku.cc",
      "rule": [
        ".mp4",
        ".m3u8",
        "?auth_token",
        "m3u8"
      ]
    },
    {
      "host": "v.3412.net.cn",
      "rule": [
        ".mp4",
        "security-token=",
        "aliyuncs.com",
        "m3u8"
      ]
    },
    {
      "host": "jx.jsonplayer.com",
      "rule": [
        ".mp4",
        ".m3u8",
        "?vkey=",
        "110.42.2.115",
        "m3u8"
      ]
    },
    {
      "host": "movie.bulei.cc",
      "rule": [
        ".mp4",
        ".m3u8",
        "?vkey=",
        "1ftn_handler",
        "http://1.71.18.153",
        "mu.dcd1.cn",
        "aliyundrive.net",
        "m3u8"
      ]
    },
    {
      "host": "rebozj.pro",
      "rule": [
        ".mp4",
        ".m3u8",
        "https://p3-sign.douyinpic.com",
        "m3u8"
      ]
    },
    {
      "host": "brovod.com",
      "rule": [
        ".m3u8"
      ]
    },
    {
      "host": "https://www1.gntv.live",
      "rule": [
        ".m3u8",
        "m3u8?",
        "4k.clyjx.cn:97"
      ]
    },
    {
      "host": "renren.pro",
      "rule": [
        ".m3u8"
      ]
    },
    {
      "host": "https://v.3412.net.cn",
      "rule": [
        ".m3u8",
        ".m3u8?",
        ".mp4"
      ]
    },
    {
      "host": "v.t-ui.cn",
      "rule": [
        ".m3u8",
        "m3u8?",
        "vip.ffzy-play4.com"
      ]
    },
    {
      "host": "cj.ffzyapi.com",
      "rule": [
        ".m3u8",
        "m3u8?"
      ]
    },
    {
      "host": "siguyy.com",
      "rule": [
        "mp4",
        ".m3u8",
        "https://ccp-bj29-video-preview.oss-enet.aliyuncs.com",
        "aliyuncs.com"
      ]
    },
    {
      "name": "火山嗅探",
      "hosts": [
        "huoshan.com"
      ],
      "regex": [
        "item_id="
      ]
    },
    {
      "name": "抖音嗅探",
      "hosts": [
        "douyin.com"
      ],
      "regex": [
        "is_play_url="
      ]
    }
  ],
  "ijk": [
    {
      "group": "软解码",
      "options": [
        {
          "category": 4,
          "name": "opensles",
          "value": "0"
        },
        {
          "category": 4,
          "name": "overlay-format",
          "value": "842225234"
        },
        {
          "category": 4,
          "name": "framedrop",
          "value": "1"
        },
        {
          "category": 4,
          "name": "soundtouch",
          "value": "1"
        },
        {
          "category": 4,
          "name": "start-on-prepared",
          "value": "1"
        },
        {
          "category": 1,
          "name": "http-detect-range-support",
          "value": "0"
        },
        {
          "category": 1,
          "name": "fflags",
          "value": "fastseek"
        },
        {
          "category": 2,
          "name": "skip_loop_filter",
          "value": "48"
        },
        {
          "category": 4,
          "name": "reconnect",
          "value": "1"
        },
        {
          "category": 4,
          "name": "max-buffer-size",
          "value": "5242880"
        },
        {
          "category": 4,
          "name": "enable-accurate-seek",
          "value": "0"
        },
        {
          "category": 4,
          "name": "mediacodec",
          "value": "0"
        },
        {
          "category": 4,
          "name": "mediacodec-auto-rotate",
          "value": "0"
        },
        {
          "category": 4,
          "name": "mediacodec-handle-resolution-change",
          "value": "0"
        },
        {
          "category": 4,
          "name": "mediacodec-hevc",
          "value": "0"
        },
        {
          "category": 1,
          "name": "dns_cache_timeout",
          "value": "600000000"
        }
      ]
    },
    {
      "group": "硬解码",
      "options": [
        {
          "category": 4,
          "name": "opensles",
          "value": "0"
        },
        {
          "category": 4,
          "name": "overlay-format",
          "value": "842225234"
        },
        {
          "category": 4,
          "name": "framedrop",
          "value": "1"
        },
        {
          "category": 4,
          "name": "soundtouch",
          "value": "1"
        },
        {
          "category": 4,
          "name": "start-on-prepared",
          "value": "1"
        },
        {
          "category": 1,
          "name": "http-detect-range-support",
          "value": "0"
        },
        {
          "category": 1,
          "name": "fflags",
          "value": "fastseek"
        },
        {
          "category": 2,
          "name": "skip_loop_filter",
          "value": "48"
        },
        {
          "category": 4,
          "name": "reconnect",
          "value": "1"
        },
        {
          "category": 4,
          "name": "max-buffer-size",
          "value": "5242880"
        },
        {
          "category": 4,
          "name": "enable-accurate-seek",
          "value": "0"
        },
        {
          "category": 4,
          "name": "mediacodec",
          "value": "1"
        },
        {
          "category": 4,
          "name": "mediacodec-auto-rotate",
          "value": "1"
        },
        {
          "category": 4,
          "name": "mediacodec-handle-resolution-change",
          "value": "1"
        },
        {
          "category": 4,
          "name": "mediacodec-hevc",
          "value": "1"
        },
        {
          "category": 1,
          "name": "dns_cache_timeout",
          "value": "600000000"
        }
      ]
    }
  ],
  "doh": [
    {
      "name": "Google",
      "url": "https://dns.google/dns-query",
      "ips": [
        "8.8.4.4",
        "8.8.8.8"
      ]
    },
    {
      "name": "Cloudflare",
      "url": "https://cloudflare-dns.com/dns-query",
      "ips": [
        "1.1.1.1",
        "1.0.0.1",
        "2606:4700:4700::1111",
        "2606:4700:4700::1001"
      ]
    },
    {
      "name": "AdGuard",
      "url": "https://dns.adguard.com/dns-query",
      "ips": [
        "94.140.14.140",
        "94.140.14.141"
      ]
    },
    {
      "name": "DNSWatch",
      "url": "https://resolver2.dns.watch/dns-query",
      "ips": [
        "84.200.69.80",
        "84.200.70.40"
      ]
    },
    {
      "name": "Quad9",
      "url": "https://dns.quad9.net/dns-quer",
      "ips": [
        "9.9.9.9",
        "149.112.112.112"
      ]
    }
  ],
  "ads": [
    "wan.51img1.com",
    "iqiyi.hbuioo.com",
    "vip.ffzyad.com",
    "https://lf1-cdn-tos.bytegoofy.com/obj/tos-cn-i-dy/455ccf9e8ae744378118e4bd289288dd"
  ]
}
